{
  "bakedAnimDatas": {
    "Default": {
      "md5": "84ccfa3cde7bb5b7b72c4c2e3f2f0f82",
      "skipZeroFrameUpdate": false,
      "bakedMPDatas": {
        "Idle": {
          "0": {
            "bakedStepInterval": 1,
            "frameCount": 1,
            "trsData": [
              6.0,
              1.0,
              1.0,
              1.0,
              0.0,
              -0.16,
              -0.1,
              8.0,
              1.0,
              1.0,
              1.0,
              1.0,
              -0.0,
              -0.0,
              -0.0,
              1.0,
              6.0,
              1.0,
              1.0,
              1.0,
              0.27,
              0.27,
              0.27
            ]
          },
          "1": {
            "bakedStepInterval": 1,
            "frameCount": 1,
            "trsData": [
              6.0,
              1.0,
              1.0,
              1.0,
              0.0,
              1.8,
              0.0,
              8.0,
              1.0,
              1.0,
              1.0,
              1.0,
              -0.0,
              -0.0,
              0.0,
              1.0,
              6.0,
              1.0,
              1.0,
              1.0,
              1.0,
              1.0,
              1.0
            ]
          },
          "3": {
            "bakedStepInterval": 1,
            "frameCount": 1,
            "trsData": [
              6.0,
              1.0,
              1.0,
              1.0,
              0.0,
              6.5,
              0.0,
              8.0,
              1.0,
              1.0,
              1.0,
              1.0,
              0.0,
              0.0,
              0.0,
              1.0,
              6.0,
              1.0,
              1.0,
              1.0,
              1.0,
              1.0,
              1.0
            ]
          },
          "5": {
            "bakedStepInterval": 1,
            "frameCount": 61,
            "trsData": [
              126.0,
              0.0,
              0.0,
              1.0,
              0.004009,
              0.003924,
              0.003837,
              0.003688,
              0.003484,
              0.003281,
              0.003026,
              0.002752,
              0.002479,
              0.002179,
              0.001865,
              0.001551,
              0.00123,
              0.000897,
              0.000565,
              0.000232,
              -0.000102,
              -0.000435,
              -0.000768,
              -0.001089,
              -0.001402,
              -0.001716,
              -0.002017,
              -0.00229,
              -0.002564,
              -0.002818,
              -0.003021,
              -0.003226,
              -0.003375,
              -0.003462,
              -0.003547,
              -0.003294,
              -0.003044,
              -0.002791,
              -0.002539,
              -0.002288,
              -0.002035,
              -0.001785,
              -0.001532,
              -0.00128,
              -0.001029,
              -0.000776,
              -0.000524,
              -0.000273,
              -2.1e-05,
              0.00023,
              0.000483,
              0.000735,
              0.000986,
              0.001238,
              0.001491,
              0.001742,
              0.001994,
              0.002247,
              0.002498,
              0.00275,
              0.003001,
              0.003253,
              0.003506,
              0.003757,
              0.004009,
              6.406016,
              6.406016,
              6.406016,
              6.406017,
              6.406016,
              6.406017,
              6.406017,
              6.406017,
              6.406017,
              6.406017,
              6.406018,
              6.406018,
              6.406018,
              6.406018,
              6.406018,
              6.406018,
              6.406018,
              6.406018,
              6.406018,
              6.406018,
              6.406018,
              6.406018,
              6.406018,
              6.406017,
              6.406017,
              6.406017,
              6.406017,
              6.406017,
              6.406017,
              6.406017,
              6.406017,
              6.406017,
              6.406017,
              6.406017,
              6.406017,
              6.406017,
              6.406018,
              6.406018,
              6.406018,
              6.406018,
              6.406018,
              6.406018,
              6.406018,
              6.406017,
              6.406018,
              6.406018,
              6.406017,
              6.406018,
              6.406018,
              6.406018,
              6.406018,
              6.406018,
              6.406017,
              6.406017,
              6.406017,
              6.406017,
              6.406017,
              6.406017,
              6.406016,
              6.406017,
              6.406016,
              0.0,
              128.0,
              1.0,
              1.0,
              0.0,
              0.0,
              0.0,
              0.0,
              0.706481,
              0.706488,
              0.706495,
              0.706508,
              0.706524,
              0.706541,
              0.706562,
              0.706585,
              0.706608,
              0.706633,
              0.706659,
              0.706685,
              0.706711,
              0.706739,
              0.706766,
              0.706794,
              0.706822,
              0.706849,
              0.706877,
              0.706903,
              0.706929,
              0.706955,
              0.70698,
              0.707003,
              0.707025,
              0.707046,
              0.707063,
              0.70708,
              0.707093,
              0.7071,
              0.707107,
              0.707086,
              0.707065,
              0.707044,
              0.707023,
              0.707003,
              0.706982,
              0.706961,
              0.70694,
              0.706919,
              0.706898,
              0.706877,
              0.706856,
              0.706836,
              0.706815,
              0.706794,
              0.706773,
              0.706752,
              0.706731,
              0.706711,
              0.70669,
              0.706669,
              0.706648,
              0.706627,
              0.706606,
              0.706585,
              0.706565,
              0.706544,
              0.706523,
              0.706502,
              0.706481,
              0.707732,
              0.707725,
              0.707718,
              0.707705,
              0.707689,
              0.707672,
              0.707651,
              0.707628,
              0.707605,
              0.707581,
              0.707555,
              0.707529,
              0.707502,
              0.707475,
              0.707447,
              0.70742,
              0.707392,
              0.707364,
              0.707337,
              0.70731,
              0.707284,
              0.707258,
              0.707233,
              0.707211,
              0.707188,
              0.707167,
              0.70715,
              0.707133,
              0.707121,
              0.707114,
              0.707107,
              0.707128,
              0.707148,
              0.707169,
              0.70719,
              0.707211,
              0.707232,
              0.707253,
              0.707274,
              0.707294,
              0.707315,
              0.707336,
              0.707357,
              0.707378,
              0.707399,
              0.707419,
              0.70744,
              0.707461,
              0.707482,
              0.707503,
              0.707524,
              0.707545,
              0.707565,
              0.707586,
              0.707607,
              0.707628,
