{
  "bakedAnimDatas": {
    "Default": {
      "md5": "034ba96b18868d23ada5979f6274ba32",
      "skipZeroFrameUpdate": false,
      "bakedMPDatas": {
        "Idle": {
          "0": {
            "bakedStepInterval": 1,
            "frameCount": 1,
            "trsData": [
              6.0,
              1.0,
              1.0,
              1.0,
              0.0,
              -0.16,
              -0.1,
              8.0,
              1.0,
              1.0,
              1.0,
              1.0,
              -0.0,
              -0.0,
              -0.0,
              1.0,
              6.0,
              1.0,
              1.0,
              1.0,
              0.27,
              0.27,
              0.27
            ]
          },
          "1": {
            "bakedStepInterval": 1,
            "frameCount": 1,
            "trsData": [
              6.0,
              1.0,
              1.0,
              1.0,
              0.0,
              1.8,
              0.0,
              8.0,
              1.0,
              1.0,
              1.0,
              1.0,
              -0.0,
              -0.0,
              0.0,
              1.0,
              6.0,
              1.0,
              1.0,
              1.0,
              1.0,
              1.0,
              1.0
            ]
          },
          "3": {
            "bakedStepInterval": 1,
            "frameCount": 1,
            "trsData": [
              6.0,
              1.0,
              1.0,
              1.0,
              0.0,
              6.5,
              0.0,
              8.0,
              1.0,
              1.0,
              1.0,
              1.0,
              0.0,
              0.0,
              0.0,
              1.0,
              6.0,
              1.0,
              1.0,
              1.0,
              1.0,
              1.0,
              1.0
            ]
          },
          "5": {
            "bakedStepInterval": 1,
            "frameCount": 1,
            "trsData": [
              6.0,
              0.0,
              0.0,
              0.0,
              -0.003547,
              6.406017,
              0.0,
              8.0,
              0.0,
              0.0,
              0.0,
              0.0,
              0.0,
              0.0,
              0.707107,
              0.707107,
              6.0,
              0.0,
              0.0,
              0.0,
              1.0,
              1.0,
              1.0
            ]
          }
        },
        "Default": {
          "0": {
            "bakedStepInterval": 1,
            "frameCount": 1,
            "trsData": [
              6.0,
              1.0,
              1.0,
              1.0,
              0.0,
              -0.16,
              -0.1,
              8.0,
              1.0,
              1.0,
              1.0,
              1.0,
              -0.0,
              -0.0,
              -0.0,
              1.0,
              6.0,
              1.0,
              1.0,
              1.0,
              0.27,
              0.27,
              0.27
            ]
          },
          "1": {
            "bakedStepInterval": 1,
            "frameCount": 1,
            "trsData": [
              6.0,
              1.0,
              1.0,
              1.0,
              0.0,
              1.8,
              0.0,
              8.0,
              1.0,
              1.0,
              1.0,
              1.0,
              -0.0,
              -0.0,
              0.0,
              1.0,
              6.0,
              1.0,
              1.0,
              1.0,
              1.0,
              1.0,
              1.0
            ]
          },
          "3": {
            "bakedStepInterval": 1,
            "frameCount": 1,
            "trsData": [
              6.0,
              1.0,
              1.0,
              1.0,
              0.0,
              6.5,
              0.0,
              8.0,
              1.0,
              1.0,
              1.0,
              1.0,
              0.0,
              0.0,
              0.0,
              1.0,
              6.0,
              1.0,
              1.0,
              1.0,
              1.0,
              1.0,
              1.0
            ]
          },
          "5": {
            "bakedStepInterval": 1,
            "frameCount": 1,
            "trsData": [
              6.0,
              0.0,
              0.0,
              0.0,
              -0.003547,
              6.406017,
              0.0,
              8.0,
              0.0,
              0.0,
              0.0,
              0.0,
              0.0,
              0.0,
              0.707107,
              0.707107,
              6.0,
              0.0,
              0.0,
              0.0,
              1.0,
              1.0,
              1.0
            ]
          }
        },
        "Start": {
          "0": {
            "bakedStepInterval": 1,
            "frameCount": 1,
            "trsData": [
              6.0,
              1.0,
              1.0,
              1.0,
              0.0,
              -0.16,
              -0.1,
              8.0,
              1.0,
              1.0,
              1.0,
              1.0,
              -0.0,
              -0.0,
              -0.0,
              1.0,
              6.0,
              1.0,
              1.0,
              1.0,
              0.27,
              0.27,
              0.27
            ]
          },
          "1": {
            "bakedStepInterval": 1,
            "frameCount": 1,
            "trsData": [
              6.0,
              1.0,
              1.0,
              1.0,
              0.0,
              1.8,
              0.0,
              8.0,
              1.0,
              1.0,
              1.0,
              1.0,
              -0.0,
              -0.0,
              0.0,
              1.0,
              6.0,
              1.0,
              1.0,
              1.0,
              1.0,
              1.0,
              1.0
            ]
          },
          "3": {
            "bakedStepInterval": 1,
            "frameCount": 1,
            "trsData": [
              6.0,
              1.0,
              1.0,
              1.0,
              0.0,
              6.5,
              0.0,
              8.0,
              1.0,
              1.0,
              1.0,
              1.0,
              0.0,
              0.0,
              0.0,
              1.0,
              6.0,
              1.0,
              1.0,
              1.0,
              1.0,
              1.0,
              1.0
            ]
          },
          "5": {
            "bakedStepInterval": 1,
            "frameCount": 31,